id,name,email,processed_timestamp
1,Amit Das,amit.das48@example.com,02:55.9
2,Kavya Joshi,kavya.joshi67@example.com,02:55.9
3,Neha Khan,neha.khan17@example.com,02:55.9
4,Anjali Iyer,anjali.iyer64@example.com,02:55.9
5,Neha Mehta,neha.mehta2@example.com,02:55.9
6,Priya Khan,priya.khan5@example.com,02:55.9
7,Neha Gupta,neha.gupta32@example.com,02:55.9
8,Rohan Das,rohan.das16@example.com,02:55.9
9,Arjun Das,arjun.das36@example.com,02:55.9
10,Sneha Gupta,sneha.gupta43@example.com,02:55.9
11,Sneha Gupta,sneha.gupta45@example.com,02:55.9
12,Neha Sharma,neha.sharma84@example.com,02:55.9
13,Sneha Singh,sneha.singh31@example.com,02:55.9
14,Vikram Das,vikram.das26@example.com,02:55.9
15,Anjali Iyer,anjali.iyer12@example.com,02:55.9
16,Rahul Khan,rahul.khan92@example.com,02:55.9
17,Neha Joshi,neha.joshi38@example.com,02:55.9
18,Priya Das,priya.das17@example.com,02:55.9
19,Anjali Patel,anjali.patel28@example.com,02:55.9
20,Rohan Mehta,rohan.mehta7@example.com,02:55.9
21,Rohan Nair,rohan.nair53@example.com,02:55.9
22,Neha Iyer,neha.iyer26@example.com,02:55.9
23,Arjun Gupta,arjun.gupta5@example.com,02:55.9
24,Vikram Sharma,vikram.sharma82@example.com,02:55.9
25,Neha Mehta,neha.mehta2@example.com,02:55.9
26,Kavya Joshi,kavya.joshi57@example.com,02:55.9
27,Amit Gupta,amit.gupta30@example.com,02:55.9
28,Anjali Iyer,anjali.iyer53@example.com,02:55.9
29,Vikram Iyer,vikram.iyer90@example.com,02:55.9
30,Arjun Das,arjun.das23@example.com,02:55.9
31,Sneha Gupta,sneha.gupta71@example.com,02:55.9
32,Rahul Iyer,rahul.iyer75@example.com,02:55.9
33,Rahul Gupta,rahul.gupta84@example.com,02:55.9
34,Rohan Patel,rohan.patel53@example.com,02:55.9
35,Kavya Singh,kavya.singh70@example.com,02:55.9
36,Anjali Gupta,anjali.gupta84@example.com,02:55.9
37,Neha Iyer,neha.iyer55@example.com,02:55.9
38,Anjali Patel,anjali.patel65@example.com,02:55.9
39,Rohan Iyer,rohan.iyer39@example.com,02:55.9
40,Vikram Patel,vikram.patel9@example.com,02:55.9
41,Sneha Singh,sneha.singh84@example.com,02:55.9
42,Kavya Mehta,kavya.mehta28@example.com,02:55.9
43,Rahul Sharma,rahul.sharma23@example.com,02:55.9
44,Neha Das,neha.das75@example.com,02:55.9
45,Sneha Khan,sneha.khan88@example.com,02:55.9
46,Rahul Sharma,rahul.sharma71@example.com,02:55.9
47,Kavya Khan,kavya.khan53@example.com,02:55.9
48,Vikram Khan,vikram.khan88@example.com,02:55.9
49,Amit Das,amit.das80@example.com,02:55.9
50,Amit Gupta,amit.gupta41@example.com,02:55.9
